{
  "games": [
    {
      "game_id": 1,
      "title": "Uncharted 4",
      "description": "For the first time ever in Uncharted history, drive vehicles during gameplay",
      "by": "Sony",
      "platform": [
        "PS4"
      ],
      "age_rating": "16",
      "likes": 100,
      "comments": [
        {
          "user": "bob",
          "message": "Cracking game far too much cinematic",
          "dateCreated": "1294012800",
          "like": 6
        },
        {
          "user": "testingPriest",
          "message": "Not enough shooting for me,far too easy ",
          "dateCreated": "1271030400",
          "like": 5
        }
      ]
    },
    {
      "game_id": 2,
      "title": "Call of Duty, Infinite Warfare",
      "description": "Includes Call of duty,Hellstorm animated personalization pack",
      "by": "Activision",
      "platform": [
        "PS4",
        "Xbox One"
      ],
      "age_rating": "18",
      "likes": 100,
      "comments": [
        {
          "user": "luke",
          "message": "OMG I haven't left my sofa in days",
          "dateCreated": "1441324800",
          "like": 8
        },
        {
          "user": "testingPriest",
          "message": "This is the best game ever",
          "dateCreated": "1470700800",
          "like": 5
        }
      ]
    },
    {
      "game_id": 3,
      "title": "Call of Duty, Infinite Warfare",
      "description": "Includes Call of duty,Hellstorm animated personalization pack",
      "by": "Activision",
      "platform": [
        "PS4",
        "Xbox One"
      ],
      "age_rating": "18",
      "likes": 100,
      "comments": [
        {
          "user": "luke",
          "message": "OMG I haven't left my sofa in days",
          "dateCreated": "1441065600",
          "like": 8
        },
        {
          "user": "testingPriest",
          "message": "This is the best game ever",
          "dateCreated": "1473292800",
          "like": 5
        },
        {
          "user": "nigel",
          "message": "Pile of rubbish",
          "dateCreated": "1473638400",
          "like": 0
        },
        {
          "user": "freddie",
          "message": "This is an amazing game, I feel it really depicts the troubled time of war. It really impressed me",
          "dateCreated": "1427932800",
          "like": 9
        }
      ]
    },
    {
      "game_id": 4,
      "title": "Deadpool",
      "description": "Carrying on from Marvel film",
      "by": "Activision",
      "platform": [
        "PS4",
        "Xbox One"
      ],
      "age_rating": "18",
      "likes": 100,
      "comments": [
        {
          "user": "luke",
          "message": "I loved the film and I love the game",
          "dateCreated": "1450828800",
          "like": 9
        },
        {
          "user": "testingPriest",
          "message": "I will never leave my house again",
          "dateCreated": "1309824000",
          "like": 9
        },
        {
          "user": "Billy",
          "message": "My sons and I loved this game",
          "dateCreated": "1441152000",
          "like": 9
        },
        {
          "user": "Alfie",
          "message": "I wished I had bought a different game",
          "dateCreated": "1380240000",
          "like": 1
        }
      ]
    },
    {
      "game_id": 5,
      "title": "Battlefield 1",
      "description": "Epic 64-Player Multiplayer Battles - Squad up with your friends and join in the most epic multiplayer battles in FPS history with up to 64 players",
      "by": "Electronic arts",
      "platform": [
        "PS4",
        "Xbox One"
      ],
      "age_rating": "18",
      "likes": 100,
      "comments": [
        {
          "user": "Alison",
          "message": "This is amazing .....",
          "dateCreated": "1380240000",
          "like": 10
        },
        {
          "user": "testingPriest",
          "message": "Yes finally a game well worth the money",
          "dateCreated": "1347321600",
          "like": 9
        },
        {
          "user": "David",
          "message": "It was OK to pass the time away",
          "dateCreated": "1420070400",
          "like": 5
        },
        {
          "user": "Jones",
          "message": "I wished I had bought a different game",
          "dateCreated": "1486252800",
          "like": 1
        }
      ]
    }
  ]
}
